"entity_id","entity_name","entity_code","team_id","total_pitches","total_pitches","total_pitches_empty","median_seconds_empty","total_pitches_onbase","median_seconds_empty","freq_hot","freq_warm","freq_cold"
489119,"Miley, Wade","Pit",158,885,885,617,11.261,268,11.261,0.8135593220338984,0.18418079096045198,0.0022598870056497176
671106,"Allen, Logan","Pit",114,944,944,601,11.516,343,11.516,0.6684322033898306,0.3305084745762712,0.001059322033898305
608718,"Suter, Brent","Pit",115,497,497,302,11.923,195,11.923,0.5875251509054326,0.4084507042253521,0.004024144869215292
656605,"Keller, Mitch","Pit",134,1316,1316,842,12.095,474,12.095,0.5957446808510638,0.40197568389057753,0.0022796352583586625
596001,"Junis, Jakob","Pit",137,608,608,363,12.245,245,12.245,0.6611842105263158,0.3371710526315789,0.001644736842105263
571927,"Matz, Steven","Pit",138,842,842,522,12.345,320,12.345,0.6163895486935868,0.3824228028503563,0.0011876484560570072
676596,"Fleming, Josh","Pit",139,329,329,222,12.486,107,12.486,0.601823708206687,0.3981762917933131,0
448179,"Hill, Rich","Pit",135,1171,1171,682,12.518,489,12.518,0.5824081981212639,0.41417591801878734,0.0034158838599487617
660813,"Graterol, Brusdar","Pit",119,384,384,231,12.583,153,12.583,0.7473958333333334,0.2526041666666667,0
571945,"Mikolas, Miles","Pit",138,1380,1380,881,12.601,499,12.601,0.5659420289855073,0.43043478260869567,0.0036231884057971015
592836,"Walker, Taijuan","Pit",143,1310,1310,900,12.675,410,12.675,0.6,0.39923664122137403,0.0007633587786259542
693821,"Elder, Bryce","Pit",144,1247,1247,798,12.681,449,12.681,0.5132317562149158,0.48115477145148355,0.0056134723336006415
621389,"Blach, Ty","Pit",115,552,552,304,12.715,248,12.715,0.5,0.49818840579710144,0.0018115942028985507
663687,"Harris, Hogan","Pit",133,509,509,296,12.735,213,12.735,0.5717092337917485,0.4223968565815324,0.005893909626719057
674370,"Bido, Osvaldo","Pit",134,437,437,235,12.761,202,12.761,0.4576659038901602,0.5377574370709383,0.004576659038901602
686973,"Varland, Louie","Pit",142,431,431,290,12.763,141,12.763,0.6148491879350348,0.3851508120649652,0
615698,"Quantrill, Cal","Pit",114,772,772,467,12.78,305,12.78,0.5621761658031088,0.4378238341968912,0
594835,"Gonzales, Marco","Pit",136,370,370,215,12.837,155,12.837,0.5594594594594594,0.44054054054054054,0
682990,"Priester, Quinn","Pit",134,382,382,270,12.838,112,12.838,0.5732984293193717,0.42670157068062825,0
607755,"Vasquez, Andrew","Pit",116,405,405,180,12.92,225,12.92,0.654320987654321,0.3432098765432099,0.0024691358024691358
622491,"Castillo, Luis","Pit",136,1352,1352,905,12.93,447,12.93,0.5680473372781065,0.4319526627218935,0
502624,"Anderson, Chase","Pit",115,676,676,430,12.958,246,12.958,0.5177514792899408,0.4822485207100592,0
641540,"Dunning, Dane","Pit",140,1208,1208,785,12.96,423,12.96,0.5670529801324503,0.4304635761589404,0.0024834437086092716
641745,"Keller, Brad","Pit",118,383,383,227,12.995,156,12.995,0.5091383812010444,0.4908616187989556,0
694363,"Shuster, Jared","Pit",144,389,389,259,13.031,130,13.031,0.5167095115681234,0.4755784061696658,0.007712082262210797
594902,"Lively, Ben","Pit",113,643,643,425,13.034,218,13.034,0.5987558320373251,0.39968895800933124,0.0015552099533437014
641482,"Cortes, Nestor","Pit",147,473,473,316,13.035,157,13.035,0.5496828752642706,0.44820295983086683,0.0021141649048625794
622072,"Wood, Alex","Pit",137,792,792,488,13.04,304,13.04,0.5845959595959596,0.4128787878787879,0.0025252525252525255
663738,"Lynch IV, Daniel","Pit",118,352,352,207,13.053,145,13.053,0.5369318181818182,0.45738636363636365,0.005681818181818182
663903,"Singer, Brady","Pit",118,1167,1167,677,13.062,490,13.062,0.5029991431019709,0.493573264781491,0.003427592116538132
642048,"Saucedo, Tayler","Pit",136,351,351,181,13.098,170,13.098,0.5612535612535613,0.43874643874643876,0
682847,"Ortiz, Luis L.","Pit",134,647,647,362,13.126,285,13.126,0.4312210200927357,0.5641421947449768,0.00463678516228748
657277,"Webb, Logan","Pit",137,1453,1453,1017,13.131,436,13.131,0.6056434962147281,0.3936682725395733,0.0006882312456985547
571510,"Boyd, Matthew","Pit",116,510,510,342,13.137,168,13.137,0.5470588235294118,0.45098039215686275,0.00196078431372549
669373,"Skubal, Tarik","Pit",116,486,486,315,13.173,171,13.173,0.5267489711934157,0.4691358024691358,0.00411522633744856
592866,"Williams, Trevor","Pit",120,1197,1197,773,13.227,424,13.227,0.5488721804511278,0.4469507101086048,0.004177109440267335
593958,"Rodriguez, Eduardo","Pit",116,1056,1056,686,13.245,370,13.245,0.5454545454545454,0.45265151515151514,0.001893939393939394
677960,"Weathers, Ryan","Pit",146,492,492,323,13.27,169,13.27,0.540650406504065,0.45934959349593496,0
661527,"Martinez, Seth","Pit",117,358,358,147,13.281,211,13.281,0.33519553072625696,0.6564245810055865,0.008379888268156424
477132,"Kershaw, Clayton","Pit",119,823,823,573,13.302,250,13.302,0.520048602673147,0.4775212636695018,0.002430133657351154
666200,"Luzardo, Jesús","Pit",146,1268,1268,872,13.323,396,13.323,0.639589905362776,0.3588328075709779,0.0015772870662460567
543475,"Lyles, Jordan","Pit",118,1255,1255,892,13.339,363,13.339,0.5601593625498008,0.43824701195219123,0.0015936254980079682
571882,"Law, Derek","Pit",113,383,383,212,13.409,171,13.409,0.45691906005221933,0.5404699738903395,0.0026109660574412533
669461,"Liberatore, Matthew","Pit",138,465,465,277,13.416,188,13.416,0.46881720430107526,0.5225806451612903,0.008602150537634409
641627,"Gott, Trevor","Pit",121,472,472,252,13.421,220,13.421,0.4300847457627119,0.5677966101694916,0.00211864406779661
668881,"Greene, Hunter","Pit",113,874,874,564,13.424,310,13.424,0.517162471395881,0.4805491990846682,0.002288329519450801
543521,"McHugh, Collin","Pit",144,451,451,223,13.43,228,13.43,0.3991130820399113,0.6008869179600886,0
650644,"Civale, Aaron","Pit",139,904,904,599,13.461,305,13.461,0.4922566371681416,0.5033185840707964,0.004424778761061947
641927,"Ober, Bailey","Pit",142,944,944,692,13.468,252,13.468,0.5391949152542372,0.4565677966101695,0.00423728813559322
676477,"Whitlock, Garrett","Pit",111,503,503,334,13.498,169,13.498,0.5129224652087475,0.4870775347912525,0
543101,"DeSclafani, Anthony","Pit",137,715,715,494,13.52,221,13.52,0.5482517482517483,0.45034965034965035,0.0013986013986013986
571948,"Milner, Hoby","Pit",158,520,520,315,13.527,205,13.527,0.6269230769230769,0.37115384615384617,0.0019230769230769232
608344,"Irvin, Cole","Pit",110,546,546,357,13.565,189,13.565,0.4835164835164835,0.5164835164835165,0
596295,"Gomber, Austin","Pit",115,963,963,595,13.579,368,13.579,0.46625129802699894,0.5327102803738317,0.0010384215991692627
650911,"Sánchez, Cristopher","Pit",143,621,621,442,13.587,179,13.587,0.5217391304347826,0.47665056360708535,0.001610305958132045
680704,"Sandlin, Nick","Pit",114,473,473,277,13.616,196,13.616,0.47357293868921774,0.5264270613107822,0
571760,"Heaney, Andrew","Pit",140,1148,1148,717,13.639,431,13.639,0.4738675958188153,0.524390243902439,0.0017421602787456446
502171,"Cobb, Alex","Pit",137,1154,1154,795,13.668,359,13.668,0.4731369150779896,0.5190641247833622,0.00779896013864818
641778,"Lauer, Eric","Pit",158,375,375,251,13.735,124,13.735,0.44266666666666665,0.5573333333333333,0
527048,"Pérez, Martín","Pit",140,986,986,615,13.764,371,13.764,0.4482758620689655,0.550709939148073,0.0010141987829614604
605288,"Houser, Adrian","Pit",158,830,830,520,13.767,310,13.767,0.4397590361445783,0.555421686746988,0.004819277108433735
656557,"Houck, Tanner","Pit",111,806,806,500,13.769,306,13.769,0.43424317617866004,0.56575682382134,0
672851,"Adon, Joan","Pit",120,403,403,249,13.776,154,13.776,0.43672456575682383,0.5583126550868487,0.004962779156327543
678394,"Bello, Brayan","Pit",111,1125,1125,715,13.778,410,13.778,0.464,0.5333333333333333,0.0026666666666666666
669854,"Blanco, Ronel","Pit",117,377,377,233,13.791,144,13.791,0.40583554376657827,0.5915119363395226,0.002652519893899204
641771,"Kuhl, Chad","Pit",120,374,374,208,13.826,166,13.826,0.42245989304812837,0.5721925133689839,0.0053475935828877
642545,"Barria, Jaime","Pit",108,606,606,359,13.853,247,13.853,0.4389438943894389,0.5577557755775577,0.0033003300330033004
628452,"Iglesias, Raisel","Pit",144,360,360,250,13.859,110,13.859,0.5361111111111111,0.46111111111111114,0.002777777777777778
669674,"Long, Sam","Pit",133,334,334,178,13.864,156,13.864,0.38023952095808383,0.6137724550898204,0.005988023952095809
571578,"Corbin, Patrick","Pit",120,1314,1314,824,13.881,490,13.881,0.439117199391172,0.558599695585997,0.00228310502283105
621107,"Eflin, Zach","Pit",139,1114,1114,807,13.882,307,13.882,0.5368043087971275,0.45960502692998206,0.003590664272890485
640455,"Manaea, Sean","Pit",137,878,878,553,13.884,325,13.884,0.5170842824601367,0.4783599088838269,0.004555808656036446
674003,"Bradford, Cody","Pit",140,401,401,262,13.886,139,13.886,0.456359102244389,0.5386533665835411,0.004987531172069825
656849,"Peterson, David","Pit",121,890,890,556,13.913,334,13.913,0.4303370786516854,0.5662921348314607,0.0033707865168539327
630023,"Chirinos, Yonny","Pit",144,583,583,392,13.953,191,13.953,0.4528301886792453,0.5471698113207547,0
622663,"Severino, Luis","Pit",147,623,623,402,13.956,221,13.956,0.45585874799357945,0.5393258426966292,0.004815409309791332
572020,"Paxton, James","Pit",111,687,687,444,13.962,243,13.962,0.47016011644832606,0.5254730713245997,0.004366812227074236
593334,"Germán, Domingo","Pit",147,652,652,495,13.987,157,13.987,0.5199386503067485,0.4785276073619632,0.0015337423312883436
669456,"Bieber, Shane","Pit",114,873,873,623,13.989,250,13.989,0.47766323024054985,0.5189003436426117,0.003436426116838488
596133,"Weaver, Luke","Pit",147,986,986,641,14.034,345,14.034,0.4198782961460446,0.5760649087221096,0.004056795131845842
621383,"Banks, Tanner","Pit",145,424,424,235,14.059,189,14.059,0.4481132075471698,0.5471698113207547,0.0047169811320754715
680570,"Rodriguez, Grayson","Pit",110,894,894,591,14.059,303,14.059,0.46420581655480986,0.5302013422818792,0.005592841163310962
570632,"Ureña, José","Pit",145,341,341,231,14.068,110,14.068,0.4750733137829912,0.5219941348973607,0.002932551319648094
645261,"Alcantara, Sandy","Pit",146,1061,1061,727,14.069,334,14.069,0.4816211121583412,0.5164938737040528,0.001885014137606032
663658,"Ward, Thaddeus","Pit",120,357,357,183,14.075,174,14.075,0.37254901960784315,0.6218487394957983,0.0056022408963585435
666129,"Garrett, Braxton","Pit",146,1027,1027,721,14.11,306,14.11,0.4537487828627069,0.5452775073028238,0.0009737098344693282
657006,"Steele, Justin","Pit",112,1096,1096,706,14.115,390,14.115,0.4343065693430657,0.5638686131386861,0.0018248175182481751
676272,"Miller, Bobby","Pit",119,850,850,584,14.128,266,14.128,0.4764705882352941,0.5176470588235295,0.0058823529411764705
672710,"Contreras, Roansy","Pit",134,461,461,298,14.141,163,14.141,0.44685466377440347,0.5509761388286334,0.0021691973969631237
450203,"Morton, Charlie","Pit",144,1319,1319,738,14.148,581,14.148,0.37680060652009095,0.6194086429112965,0.0037907505686125853
665795,"Cabrera, Edward","Pit",146,829,829,480,14.157,349,14.157,0.3956574185765983,0.6019300361881785,0.0024125452352231603
607625,"Lugo, Seth","Pit",135,1038,1038,686,14.167,352,14.167,0.4624277456647399,0.5366088631984586,0.0009633911368015414
657746,"Ryan, Joe","Pit",142,1052,1052,685,14.179,367,14.179,0.502851711026616,0.4923954372623574,0.004752851711026616
624133,"Suárez, Ranger","Pit",143,881,881,582,14.181,299,14.181,0.43246311010215666,0.5629965947786606,0.004540295119182747
664139,"Gibaut, Ian","Pit",113,475,475,260,14.181,215,14.181,0.36210526315789476,0.6294736842105263,0.008421052631578947
593974,"Peralta, Wandy","Pit",147,373,373,270,14.194,103,14.194,0.46648793565683644,0.5308310991957105,0.002680965147453083
686218,"Sheehan, Emmet","Pit",119,435,435,312,14.218,123,14.218,0.4666666666666667,0.5333333333333333,0
682227,"Williamson, Brandon","Pit",113,881,881,605,14.249,276,14.249,0.4426787741203178,0.5539160045402951,0.00340522133938706
663623,"Irvin, Jake","Pit",120,1024,1024,629,14.249,395,14.249,0.4189453125,0.580078125,0.0009765625
456501,"Cueto, Johnny","Pit",146,363,363,268,14.279,95,14.279,0.4820936639118457,0.5151515151515151,0.0027548209366391185
548389,"Stripling, Ross","Pit",137,653,653,441,14.294,212,14.294,0.44104134762633995,0.55895865237366,0
681857,"Olson, Reese","Pit",116,816,816,570,14.338,246,14.338,0.4534313725490196,0.5453431372549019,0.0012254901960784314
669684,"Murphy, Chris","Pit",111,379,379,234,14.346,145,14.346,0.41952506596306066,0.575197889182058,0.005277044854881266
671096,"Abbott, Andrew","Pit",113,845,845,552,14.385,293,14.385,0.41420118343195267,0.5834319526627219,0.002366863905325444
663556,"McClanahan, Shane","Pit",139,747,747,512,14.386,235,14.386,0.48326639892904955,0.5153949129852744,0.0013386880856760374
641712,"Hudson, Dakota","Pit",138,579,579,365,14.415,214,14.415,0.38341968911917096,0.6079447322970639,0.008635578583765112
669212,"Morgan, Eli","Pit",114,491,491,299,14.437,192,14.437,0.3604887983706721,0.6334012219959266,0.006109979633401222
608379,"Wacha, Michael","Pit",135,994,994,652,14.459,342,14.459,0.38832997987927564,0.6106639839034205,0.001006036217303823
669160,"May, Dustin","Pit",119,325,325,209,14.469,116,14.469,0.4338461538461538,0.556923076923077,0.009230769230769232
641835,"Mayza, Tim","Pit",141,378,378,219,14.486,159,14.486,0.3783068783068783,0.6216931216931217,0
657053,"Toussaint, Touki","Pit",145,769,769,463,14.543,306,14.543,0.37711313394018203,0.6228868660598179,0
656271,"Burke, Brock","Pit",140,328,328,202,14.559,126,14.559,0.35365853658536583,0.6463414634146342,0
605200,"Davies, Zach","Pit",109,717,717,436,14.573,281,14.573,0.37517433751743373,0.6234309623430963,0.001394700139470014
669060,"Wilson, Bryse","Pit",158,492,492,299,14.573,193,14.573,0.34959349593495936,0.6463414634146342,0.0040650406504065045
605397,"Musgrove, Joe","Pit",135,677,677,445,14.579,232,14.579,0.39438700147710487,0.6011816838995568,0.004431314623338257
669459,"Nelson, Kyle","Pit",109,332,332,225,14.583,107,14.583,0.4367469879518072,0.5542168674698795,0.009036144578313253
657376,"Schmidt, Clarke","Pit",147,1190,1190,760,14.617,430,14.617,0.35378151260504204,0.6411764705882353,0.005042016806722689
543859,"Tonkin, Michael","Pit",144,530,530,325,14.634,205,14.634,0.3622641509433962,0.6320754716981132,0.005660377358490566
592791,"Taillon, Jameson","Pit",112,1092,1092,724,14.661,368,14.661,0.38278388278388276,0.6144688644688645,0.0027472527472527475
676130,"Butto, José","Pit",121,334,334,210,14.68,124,14.68,0.3592814371257485,0.6377245508982036,0.0029940119760479044
622075,"Almonte, Yency","Pit",119,383,383,224,14.683,159,14.683,0.3968668407310705,0.6031331592689295,0
642547,"Peralta, Freddy","Pit",158,1262,1262,861,14.698,401,14.698,0.3795562599049128,0.6188589540412044,0.001584786053882726
668868,"Thompson, Zack","Pit",138,562,562,361,14.71,201,14.71,0.38434163701067614,0.6103202846975089,0.005338078291814947
656232,"Bielak, Brandon","Pit",117,584,584,366,14.724,218,14.724,0.3818493150684932,0.6181506849315068,0
542881,"Anderson, Tyler","Pit",108,987,987,614,14.735,373,14.735,0.3738601823708207,0.6210739614994935,0.005065856129685917
623149,"Sewald, Paul","Pit",109,432,432,256,14.738,176,14.738,0.3541666666666667,0.6435185185185185,0.0023148148148148147
641793,"Littell, Zack","Pit",139,550,550,373,14.752,177,14.752,0.4018181818181818,0.5945454545454546,0.0036363636363636364
666745,"Brito, Jhony","Pit",147,643,643,440,14.767,203,14.767,0.37636080870917576,0.6236391912908242,0
643511,"Rogers, Tyler","Pit",137,485,485,306,14.783,179,14.783,0.36907216494845363,0.6247422680412371,0.006185567010309278
547179,"Lorenzen, Michael","Pit",143,990,990,653,14.787,337,14.787,0.4202020202020202,0.5797979797979798,0
606303,"Payamps, Joel","Pit",158,508,508,336,14.809,172,14.809,0.42913385826771655,0.5688976377952756,0.001968503937007874
657514,"Bernardino, Brennan","Pit",111,419,419,249,14.83,170,14.83,0.37708830548926014,0.6229116945107399,0
666142,"Ragans, Cole","Pit",118,633,633,391,14.84,242,14.84,0.344391785150079,0.655608214849921,0
666159,"Manning, Matt","Pit",116,545,545,383,14.842,162,14.842,0.3871559633027523,0.6091743119266055,0.003669724770642202
573186,"Stroman, Marcus","Pit",112,963,963,637,14.845,326,14.845,0.35514018691588783,0.6448598130841121,0
607536,"Freeland, Kyle","Pit",115,991,991,636,14.857,355,14.857,0.3420787083753784,0.6518668012108981,0.006054490413723511
670912,"Oviedo, Johan","Pit",134,1315,1315,812,14.863,503,14.863,0.32775665399239545,0.6653992395437263,0.006844106463878327
657508,"Baumann, Mike","Pit",110,446,446,242,14.869,204,14.869,0.34080717488789236,0.647982062780269,0.011210762331838564
543037,"Cole, Gerrit","Pit",147,1388,1388,992,14.873,396,14.873,0.3861671469740634,0.6087896253602305,0.005043227665706052
656412,"Faedo, Alex","Pit",116,463,463,340,14.885,123,14.885,0.3801295896328294,0.6198704103671706,0
548384,"Raley, Brooks","Pit",121,467,467,274,14.893,193,14.893,0.3576017130620985,0.6381156316916489,0.004282655246252677
666205,"Muller, Kyle","Pit",133,615,615,386,14.905,229,14.905,0.34308943089430893,0.656910569105691,0
656629,"Kopech, Michael","Pit",145,1060,1060,686,14.929,374,14.929,0.3311320754716981,0.6641509433962264,0.0047169811320754715
669194,"Nelson, Ryne","Pit",109,1020,1020,632,14.96,388,14.96,0.3176470588235294,0.6784313725490196,0.00392156862745098
663372,"Feltner, Ryan","Pit",115,359,359,192,14.971,167,14.971,0.3008356545961003,0.6852367688022284,0.013927576601671309
676684,"Vest, Will","Pit",116,338,338,224,14.982,114,14.982,0.35798816568047337,0.6420118343195266,0
666619,"Santos, Gregory","Pit",145,431,431,211,14.995,220,14.995,0.32018561484918795,0.6728538283062645,0.0069605568445475635
669713,"Wesneski, Hayden","Pit",112,689,689,458,15.005,231,15.005,0.33381712626995647,0.6647314949201741,0.001451378809869376
608032,"Estévez, Carlos","Pit",108,450,450,243,15.006,207,15.006,0.32,0.68,0
446372,"Kluber, Corey","Pit",111,431,431,266,15.012,165,15.012,0.3062645011600928,0.6890951276102089,0.004640371229698376
471911,"Carrasco, Carlos","Pit",121,718,718,433,15.021,285,15.021,0.3328690807799443,0.6643454038997214,0.002785515320334262
669438,"Englert, Mason","Pit",116,396,396,230,15.053,166,15.053,0.28535353535353536,0.7121212121212122,0.0025252525252525255
623211,"Brazoban, Huascar","Pit",146,409,409,225,15.063,184,15.063,0.2982885085574572,0.6919315403422983,0.009779951100244499
547943,"Ryu, Hyun Jin","Pit",141,370,370,228,15.067,142,15.067,0.2972972972972973,0.7027027027027027,0
656353,"Davidson, Tucker","Pit",118,368,368,183,15.09,185,15.09,0.23641304347826086,0.7635869565217391,0
666168,"Thompson, Mason","Pit",120,409,409,224,15.093,185,15.093,0.2616136919315403,0.7334963325183375,0.004889975550122249
518876,"Kelly, Merrill","Pit",109,1172,1172,818,15.117,354,15.117,0.33447098976109213,0.6638225255972696,0.0017064846416382253
665622,"Medina, Luis","Pit",133,858,858,540,15.118,318,15.118,0.3135198135198135,0.6853146853146853,0.0011655011655011655
612434,"Castro, Miguel","Pit",109,471,471,296,15.128,175,15.128,0.37791932059447986,0.6199575371549894,0.0021231422505307855
554430,"Wheeler, Zack","Pit",143,1355,1355,940,15.129,415,15.129,0.33210332103321033,0.6634686346863469,0.004428044280442804
592229,"Covey, Dylan","Pit",143,333,333,204,15.149,129,15.149,0.2672672672672673,0.7327327327327328,0
676710,"Crawford, Kutter","Pit",111,868,868,540,15.164,328,15.164,0.2926267281105991,0.706221198156682,0.001152073732718894
671737,"Bradley, Taj","Pit",139,753,753,485,15.169,268,15.169,0.28818061088977426,0.7051792828685259,0.006640106241699867
642397,"Soto, Gregory","Pit",143,421,421,249,15.182,172,15.182,0.3491686460807601,0.6484560570071259,0.0023752969121140144
621016,"Cuas, Jose","Pit",112,509,509,213,15.183,296,15.183,0.2475442043222004,0.7465618860510805,0.005893909626719057
519242,"Sale, Chris","Pit",111,756,756,502,15.191,254,15.191,0.30687830687830686,0.6917989417989417,0.0013227513227513227
643493,"Pruitt, Austin","Pit",133,326,326,184,15.219,142,15.219,0.24539877300613497,0.745398773006135,0.009202453987730062
592767,"Smyly, Drew","Pit",112,1050,1050,691,15.228,359,15.228,0.31238095238095237,0.6847619047619048,0.002857142857142857
663765,"Woodford, Jake","Pit",138,458,458,274,15.229,184,15.229,0.27510917030567683,0.722707423580786,0.002183406113537118
658648,"Avila, Pedro","Pit",135,394,394,277,15.231,117,15.231,0.32741116751269034,0.6700507614213198,0.0025380710659898475
687330,"Kelly, Kevin","Pit",139,514,514,276,15.245,238,15.245,0.2704280155642023,0.7237354085603113,0.005836575875486381
677053,"Nardi, Andrew","Pit",146,403,403,230,15.256,173,15.256,0.3052109181141439,0.6923076923076923,0.0024813895781637717
675911,"Strider, Spencer","Pit",144,1154,1154,757,15.258,397,15.258,0.304159445407279,0.6906412478336221,0.005199306759098787
621074,"Rucker, Michael","Pit",112,341,341,208,15.263,133,15.263,0.35777126099706746,0.6422287390029325,0
664353,"Urquidy, José","Pit",117,447,447,288,15.264,159,15.264,0.30201342281879195,0.697986577181208,0
573124,"Rogers, Taylor","Pit",137,389,389,208,15.266,181,15.266,0.2467866323907455,0.7480719794344473,0.005141388174807198
669302,"Gilbert, Logan","Pit",136,1191,1191,864,15.286,327,15.286,0.3333333333333333,0.6624685138539043,0.0041981528127623844
592789,"Syndergaard, Noah","Pit",114,613,613,416,15.287,197,15.287,0.28548123980424145,0.7128874388254486,0.0016313213703099511
623352,"Hader, Josh","Pit",135,435,435,258,15.292,177,15.292,0.35172413793103446,0.6459770114942529,0.0022988505747126436
676254,"Walker, Ryan","Pit",137,497,497,300,15.306,197,15.306,0.2655935613682093,0.7243460764587525,0.01006036217303823
691587,"Pérez, Eury","Pit",146,600,600,422,15.313,178,15.313,0.30833333333333335,0.6883333333333334,0.0033333333333333335
670059,"Holderman, Colin","Pit",134,392,392,202,15.315,190,15.315,0.25255102040816324,0.7474489795918368,0
458681,"Lynn, Lance","Pit",119,1289,1289,831,15.346,458,15.346,0.2746314972847168,0.7245927075252133,0.0007757951900698216
680723,"Rom, Drew","Pit",138,325,325,158,15.357,167,15.357,0.19076923076923077,0.8061538461538461,0.003076923076923077
656464,"Ginkel, Kevin","Pit",109,457,457,325,15.36,132,15.36,0.31072210065645517,0.6849015317286652,0.00437636761487965
670950,"Richards, Trevor","Pit",141,587,587,402,15.364,185,15.364,0.30664395229982966,0.6882453151618398,0.005110732538330494
676440,"Bibee, Tanner","Pit",114,1035,1035,671,15.372,364,15.372,0.2792270531400966,0.714975845410628,0.005797101449275362
672282,"Detmers, Reid","Pit",108,1098,1098,716,15.398,382,15.398,0.2777777777777778,0.7185792349726776,0.0036429872495446266
666374,"Brash, Matt","Pit",136,584,584,276,15.405,308,15.405,0.2602739726027397,0.7363013698630136,0.003424657534246575
614179,"Ruiz, José","Pit",109,348,348,184,15.415,164,15.415,0.33620689655172414,0.6609195402298851,0.0028735632183908046
622554,"Domínguez, Seranthony","Pit",143,334,334,178,15.427,156,15.427,0.2634730538922156,0.7335329341317365,0.0029940119760479044
656638,"Lange, Alex","Pit",116,510,510,260,15.436,250,15.436,0.26862745098039215,0.7254901960784313,0.0058823529411764705
675627,"Grove, Michael","Pit",119,461,461,295,15.448,166,15.448,0.2646420824295011,0.7288503253796096,0.006507592190889371
623437,"Topa, Justin","Pit",136,472,472,256,15.455,216,15.455,0.19491525423728814,0.8008474576271186,0.00423728813559322
608665,"Graveman, Kendall","Pit",117,490,490,283,15.466,207,15.466,0.2795918367346939,0.7122448979591837,0.00816326530612245
425794,"Wainwright, Adam","Pit",138,900,900,518,15.474,382,15.474,0.27,0.7233333333333334,0.006666666666666667
607192,"Glasnow, Tyler","Pit",139,783,783,557,15.484,226,15.484,0.32567049808429116,0.6666666666666666,0.007662835249042145
572403,"VerHagen, Drew","Pit",138,465,465,252,15.507,213,15.507,0.26881720430107525,0.7290322580645161,0.002150537634408602
663559,"Falter, Bailey","Pit",134,556,556,369,15.51,187,15.51,0.2733812949640288,0.7248201438848921,0.0017985611510791368
672578,"Hernández, Carlos","Pit",118,485,485,305,15.537,180,15.537,0.3237113402061856,0.6659793814432989,0.010309278350515464
641703,"Honeywell, Brent","Pit",145,401,401,233,15.542,168,15.542,0.256857855361596,0.743142144638404,0
641585,"France, J.P.","Pit",117,992,992,639,15.546,353,15.546,0.24495967741935484,0.7540322580645161,0.0010080645161290322
663947,"Holton, Tyler","Pit",116,525,525,373,15.546,152,15.546,0.26857142857142857,0.7314285714285714,0
621244,"Berríos, José","Pit",141,1331,1331,878,15.547,453,15.547,0.26746806912096166,0.724267468069121,0.008264462809917356
656427,"Flaherty, Jack","Pit",110,1215,1215,699,15.549,516,15.549,0.23292181069958848,0.7654320987654321,0.0016460905349794238
641729,"Jiménez, Joe","Pit",144,355,355,236,15.568,119,15.568,0.28732394366197184,0.7070422535211267,0.005633802816901409
656302,"Cease, Dylan","Pit",145,1378,1378,883,15.569,495,15.569,0.2590711175616836,0.7358490566037735,0.0050798258345428155
543135,"Eovaldi, Nathan","Pit",140,986,986,662,15.572,324,15.572,0.3093306288032454,0.6896551724137931,0.0010141987829614604
669796,"Hernandez, Jose","Pit",134,400,400,258,15.584,142,15.584,0.2625,0.73,0.0075
664208,"Maton, Phil","Pit",117,443,443,219,15.602,224,15.602,0.17607223476297967,0.8239277652370203,0
608331,"Fried, Max","Pit",144,519,519,373,15.606,146,15.606,0.2928709055876686,0.6994219653179191,0.007707129094412331
668678,"Gallen, Zac","Pit",109,1399,1399,982,15.622,417,15.622,0.2666190135811294,0.7269478198713367,0.006433166547533953
500779,"Quintana, José","Pit",121,543,543,351,15.639,192,15.639,0.23756906077348067,0.7550644567219152,0.007366482504604052
656234,"Bird, Jake","Pit",115,608,608,337,15.654,271,15.654,0.19407894736842105,0.8026315789473685,0.003289473684210526
679525,"Marsh, Alec","Pit",118,595,595,355,15.66,240,15.66,0.23865546218487396,0.7478991596638656,0.013445378151260505
681217,"Silseth, Chase","Pit",108,413,413,300,15.677,113,15.677,0.29782082324455206,0.6997578692493946,0.002421307506053269
670174,"Winckowski, Josh","Pit",111,573,573,332,15.681,241,15.681,0.2181500872600349,0.7783595113438045,0.0034904013961605585
663878,"Pearson, Nate","Pit",141,335,335,179,15.685,156,15.685,0.17313432835820897,0.8208955223880597,0.005970149253731343
668933,"Ashcraft, Graham","Pit",113,973,973,606,15.695,367,15.695,0.24152106885919836,0.7523124357656732,0.006166495375128468
622098,"Smith, Drew","Pit",121,485,485,240,15.698,245,15.698,0.21855670103092784,0.777319587628866,0.004123711340206186
661395,"Duran, Jhoan","Pit",142,376,376,197,15.7,179,15.7,0.2074468085106383,0.773936170212766,0.018617021276595744
592351,"Gray, Jon","Pit",140,956,956,620,15.726,336,15.726,0.21548117154811716,0.7845188284518828,0
607259,"Martinez, Nick","Pit",135,722,722,475,15.763,247,15.763,0.22853185595567868,0.7659279778393352,0.00554016620498615
623465,"Phillips, Evan","Pit",119,419,419,266,15.774,153,15.774,0.2052505966587112,0.7923627684964201,0.002386634844868735
686610,"Waldichuk, Ken","Pit",133,1097,1097,659,15.777,438,15.777,0.18596171376481313,0.8094804010938924,0.004557885141294439
571670,"Floro, Dylan","Pit",142,408,408,227,15.783,181,15.783,0.20833333333333334,0.7867647058823529,0.004901960784313725
605483,"Snell, Blake","Pit",135,1338,1338,900,15.784,438,15.784,0.23692077727952168,0.7593423019431988,0.0037369207772795215
664747,"Díaz, Alexis","Pit",113,493,493,270,15.786,223,15.786,0.25557809330628806,0.7383367139959433,0.006085192697768763
664299,"Javier, Cristian","Pit",117,1284,1284,843,15.802,441,15.802,0.25778816199376947,0.735981308411215,0.006230529595015576
605447,"Romano, Jordan","Pit",141,369,369,201,15.815,168,15.815,0.19241192411924118,0.7967479674796748,0.01084010840108401
663567,"Lambert, Peter","Pit",115,645,645,396,15.821,249,15.821,0.20155038759689922,0.7968992248062016,0.0015503875968992248
621363,"Poche, Colin","Pit",139,387,387,231,15.823,156,15.823,0.24289405684754523,0.7441860465116279,0.012919896640826873
663941,"Beck, Tristan","Pit",137,580,580,361,15.827,219,15.827,0.2103448275862069,0.7827586206896552,0.006896551724137931
608371,"Sims, Lucas","Pit",113,461,461,206,15.83,255,15.83,0.19956616052060738,0.8004338394793926,0
543507,"May, Trevor","Pit",133,361,361,198,15.83,163,15.83,0.19667590027700832,0.8005540166204986,0.002770083102493075
554340,"García, Yimi","Pit",141,489,489,281,15.834,208,15.834,0.1901840490797546,0.8098159509202454,0
656061,"Abreu, Albert","Pit",147,460,460,241,15.864,219,15.864,0.22608695652173913,0.7630434782608696,0.010869565217391304
607067,"Rea, Colin","Pit",158,883,883,622,15.872,261,15.872,0.217440543601359,0.7791619479048698,0.0033975084937712344
622250,"Sborz, Josh","Pit",140,339,339,233,15.876,106,15.876,0.22713864306784662,0.7699115044247787,0.0029498525073746312
668909,"Williams, Gavin","Pit",114,607,607,405,15.895,202,15.895,0.20757825370675453,0.7891268533772653,0.0032948929159802307
662253,"Muñoz, Andrés","Pit",136,344,344,187,15.895,157,15.895,0.18895348837209303,0.8081395348837209,0.0029069767441860465
571656,"Farmer, Buck","Pit",113,539,539,331,15.932,208,15.932,0.19480519480519481,0.8014842300556586,0.0037105751391465678
593576,"Neris, Hector","Pit",117,437,437,280,15.94,157,15.94,0.2562929061784897,0.7322654462242563,0.011441647597254004
641360,"Bickford, Phil","Pit",121,519,519,284,15.941,235,15.941,0.18304431599229287,0.8131021194605009,0.0038535645472061657
623167,"Flexen, Chris","Pit",115,752,752,478,15.952,274,15.952,0.21409574468085107,0.7845744680851063,0.0013297872340425532
668674,"Erceg, Lucas","Pit",133,501,501,247,15.954,254,15.954,0.1277445109780439,0.8702594810379242,0.001996007984031936
665625,"Peguero, Elvis","Pit",158,395,395,237,15.955,158,15.955,0.2582278481012658,0.739240506329114,0.002531645569620253
669022,"Gore, MacKenzie","Pit",120,1060,1060,667,15.961,393,15.961,0.21320754716981133,0.7773584905660378,0.009433962264150943
608717,"Stratton, Chris","Pit",140,574,574,328,15.965,246,15.965,0.20034843205574912,0.7961672473867596,0.003484320557491289
641154,"López, Pablo","Pit",142,1232,1232,820,15.972,412,15.972,0.20941558441558442,0.7832792207792207,0.007305194805194805
453286,"Scherzer, Max","Pit",140,1030,1030,743,15.984,287,15.984,0.2504854368932039,0.7475728155339806,0.001941747572815534
502085,"Robertson, David","Pit",146,467,467,297,16.007,170,16.007,0.21841541755888652,0.7730192719486081,0.008565310492505354
665152,"Kremer, Dean","Pit",110,1322,1322,894,16.007,428,16.007,0.23751891074130105,0.7556732223903178,0.00680786686838124
657097,"Webb, Jacob","Pit",110,359,359,192,16.012,167,16.012,0.10584958217270195,0.8941504178272981,0
663773,"Hoeing, Bryan","Pit",146,524,524,331,16.032,193,16.032,0.17557251908396945,0.8225190839694656,0.0019083969465648854
641871,"Middleton, Keynan","Pit",147,363,363,243,16.05,120,16.05,0.19008264462809918,0.8071625344352618,0.0027548209366391185
622065,"Young, Alex","Pit",113,348,348,207,16.06,141,16.06,0.20402298850574713,0.7931034482758621,0.0028735632183908046
666808,"Doval, Camilo","Pit",137,459,459,235,16.064,224,16.064,0.20043572984749455,0.7930283224400871,0.006535947712418301
579328,"Kikuchi, Yusei","Pit",141,1191,1191,791,16.067,400,16.067,0.20235096557514692,0.7926112510495382,0.005037783375314861
640462,"Puk, A.J.","Pit",146,426,426,245,16.068,181,16.068,0.16666666666666666,0.8262910798122066,0.007042253521126761
664875,"Lawrence, Justin","Pit",115,578,578,305,16.073,273,16.073,0.19377162629757785,0.8027681660899654,0.0034602076124567475
543294,"Hendricks, Kyle","Pit",112,976,976,627,16.079,349,16.079,0.08401639344262295,0.9159836065573771,0
673540,"Senga, Kodai","Pit",121,1220,1220,831,16.086,389,16.086,0.22377049180327868,0.769672131147541,0.006557377049180328
642232,"Yarbrough, Ryan","Pit",119,609,609,369,16.096,240,16.096,0.18226600985221675,0.8160919540229885,0.0016420361247947454
607074,"Rodón, Carlos","Pit",147,439,439,290,16.109,149,16.109,0.17995444191343962,0.8086560364464692,0.011389521640091117
640451,"Harvey, Hunter","Pit",120,408,408,248,16.134,160,16.134,0.19852941176470587,0.7990196078431373,0.0024509803921568627
669923,"Kirby, George","Pit",136,1146,1146,793,16.158,353,16.158,0.18848167539267016,0.8089005235602095,0.002617801047120419
666214,"Wentz, Joey","Pit",116,858,858,548,16.16,310,16.16,0.21328671328671328,0.7843822843822844,0.002331002331002331
453268,"Bard, Daniel","Pit",115,434,434,206,16.166,228,16.166,0.12442396313364056,0.8732718894009217,0.002304147465437788
694297,"Pfaadt, Brandon","Pit",109,717,717,458,16.173,259,16.173,0.17294281729428174,0.8228730822873083,0.0041841004184100415
666277,"Soriano, George","Pit",146,420,420,220,16.176,200,16.176,0.16904761904761906,0.8285714285714286,0.002380952380952381
656288,"Canning, Griffin","Pit",108,904,904,616,16.19,288,16.19,0.24778761061946902,0.7389380530973452,0.01327433628318584
643377,"Jax, Griffin","Pit",142,453,453,279,16.196,174,16.196,0.15894039735099338,0.8344370860927153,0.006622516556291391
664062,"Gonsolin, Tony","Pit",119,684,684,488,16.208,196,16.208,0.17690058479532164,0.8216374269005848,0.0014619883040935672
672335,"Pérez, Cionel","Pit",110,387,387,209,16.208,178,16.208,0.17571059431524547,0.813953488372093,0.0103359173126615
605347,"López, Jorge","Pit",110,419,419,243,16.21,176,16.21,0.21957040572792363,0.7684964200477327,0.011933174224343675
657024,"Swanson, Erik","Pit",141,446,446,280,16.217,166,16.217,0.1412556053811659,0.8565022421524664,0.002242152466367713
600921,"Machado, Andrés","Pit",120,324,324,169,16.229,155,16.229,0.11728395061728394,0.8734567901234568,0.009259259259259259
670990,"Ramirez, Yohan","Pit",145,350,350,149,16.237,201,16.237,0.16,0.8314285714285714,0.008571428571428572
640470,"Alzolay, Adbert","Pit",112,391,391,253,16.241,138,16.241,0.21739130434782608,0.7774936061381074,0.005115089514066497
670280,"Bednar, David","Pit",134,421,421,240,16.242,181,16.242,0.15914489311163896,0.836104513064133,0.004750593824228029
605280,"Holmes, Clay","Pit",147,465,465,265,16.253,200,16.253,0.12258064516129032,0.8688172043010752,0.008602150537634409
600917,"Leclerc, José","Pit",140,411,411,255,16.254,156,16.254,0.21897810218978103,0.7785888077858881,0.0024330900243309003
628711,"Urías, Julio","Pit",119,790,790,548,16.264,242,16.264,0.1341772151898734,0.8632911392405064,0.002531645569620253
605242,"Fulmer, Michael","Pit",112,427,427,242,16.267,185,16.267,0.16393442622950818,0.8337236533957846,0.00234192037470726
686613,"Brown, Hunter","Pit",117,1176,1176,803,16.278,373,16.278,0.2185374149659864,0.7755102040816326,0.005952380952380952
606160,"Montero, Rafael","Pit",117,513,513,306,16.288,207,16.288,0.15204678362573099,0.8382066276803118,0.009746588693957114
676680,"Cosgrove, Tom","Pit",135,399,399,232,16.289,167,16.289,0.12030075187969924,0.8771929824561403,0.002506265664160401
663986,"Stephan, Trevor","Pit",114,466,466,260,16.291,206,16.291,0.16738197424892703,0.8304721030042919,0.002145922746781116
664199,"Clarke, Taylor","Pit",118,414,414,284,16.294,130,16.294,0.178743961352657,0.8140096618357487,0.007246376811594203
571901,"Loup, Aaron","Pit",108,358,358,162,16.294,196,16.294,0.036312849162011177,0.9608938547486033,0.002793296089385475
543243,"Gray, Sonny","Pit",142,1227,1227,775,16.308,452,16.308,0.19233903830480847,0.8027709861450693,0.004889975550122249
656945,"Scott, Tanner","Pit",146,495,495,276,16.309,219,16.309,0.1292929292929293,0.8666666666666667,0.00404040404040404
669330,"Wells, Tyler","Pit",110,870,870,647,16.311,223,16.311,0.17011494252873563,0.828735632183908,0.0011494252873563218
669203,"Burnes, Corbin","Pit",158,1325,1325,945,16.328,380,16.328,0.16528301886792454,0.8279245283018868,0.006792452830188679
666974,"Cano, Yennier","Pit",110,439,439,276,16.375,163,16.375,0.13895216400911162,0.856492027334852,0.004555808656036446
621076,"Kaprielian, James","Pit",133,444,444,241,16.386,203,16.386,0.1373873873873874,0.8536036036036037,0.009009009009009009
657240,"Merryweather, Julian","Pit",112,510,510,280,16.426,230,16.426,0.10588235294117647,0.888235294117647,0.0058823529411764705
595345,"Okert, Steven","Pit",146,452,452,254,16.437,198,16.437,0.07300884955752213,0.922566371681416,0.004424778761061947
661403,"Clase, Emmanuel","Pit",114,441,441,271,16.441,170,16.441,0.1564625850340136,0.8390022675736961,0.0045351473922902496
664285,"Valdez, Framber","Pit",117,1282,1282,864,16.445,418,16.445,0.26053042121684866,0.7316692667706708,0.0078003120124804995
607179,"Weems, Jordan","Pit",120,437,437,274,16.454,163,16.454,0.17162471395881007,0.8215102974828375,0.006864988558352402
656529,"Hentges, Sam","Pit",114,387,387,193,16.476,194,16.476,0.06718346253229975,0.9276485788113695,0.00516795865633075
650633,"King, Michael","Pit",147,813,813,497,16.518,316,16.518,0.12915129151291513,0.8610086100861009,0.00984009840098401
641656,"Hamilton, Ian","Pit",147,383,383,210,16.529,173,16.529,0.13577023498694518,0.8590078328981723,0.005221932114882507
608337,"Giolito, Lucas","Pit",114,1342,1342,940,16.562,402,16.562,0.1661698956780924,0.830849478390462,0.0029806259314456036
605130,"Barlow, Scott","Pit",135,537,537,294,16.576,243,16.576,0.1266294227188082,0.8696461824953445,0.0037243947858473
660271,"Ohtani, Shohei","Pit",108,938,938,638,16.577,300,16.577,0.18763326226012794,0.8049040511727079,0.007462686567164179
682243,"Miller, Bryce","Pit",136,848,848,579,16.603,269,16.603,0.1580188679245283,0.8408018867924528,0.0011792452830188679
543518,"McGough, Scott","Pit",109,509,509,293,16.605,216,16.605,0.15717092337917485,0.8428290766208252,0
680686,"Gray, Josiah","Pit",120,1198,1198,693,16.607,505,16.607,0.1302170283806344,0.8664440734557596,0.00333889816360601
518489,"Brasier, Ryan","Pit",119,354,354,207,16.612,147,16.612,0.1384180790960452,0.8531073446327684,0.00847457627118644
650556,"Abreu, Bryan","Pit",117,545,545,314,16.619,231,16.619,0.1559633027522936,0.8385321100917431,0.005504587155963303
541640,"Ramírez, Erasmo","Pit",139,402,402,235,16.62,167,16.62,0.12935323383084577,0.8681592039800995,0.0024875621890547263
542585,"Cisnero, José","Pit",116,414,414,208,16.624,206,16.624,0.0966183574879227,0.9033816425120773,0
670167,"Schreiber, John","Pit",111,395,395,194,16.625,201,16.625,0.05063291139240506,0.9443037974683545,0.005063291139240506
628317,"Maeda, Kenta","Pit",142,719,719,522,16.659,197,16.659,0.1168289290681502,0.8817802503477051,0.0013908205841446453
660853,"De Los Santos, Enyel","Pit",114,428,428,263,16.702,165,16.702,0.1261682242990654,0.8714953271028038,0.002336448598130841
489446,"Yates, Kirby","Pit",144,441,441,268,16.706,173,16.706,0.06802721088435375,0.9229024943310657,0.009070294784580499
592332,"Gausman, Kevin","Pit",141,1201,1201,827,16.71,374,16.71,0.09825145711906745,0.8975853455453788,0.004163197335553705
519293,"Smith, Will","Pit",140,345,345,231,16.746,114,16.746,0.11014492753623188,0.8869565217391304,0.002898550724637681
641329,"Baker, Bryan","Pit",110,335,335,191,16.785,144,16.785,0.10746268656716418,0.8925373134328358,0
664294,"Moreta, Dauri","Pit",134,437,437,225,16.787,212,16.787,0.08695652173913043,0.9016018306636155,0.011441647597254004
605177,"Chafin, Andrew","Pit",158,400,400,237,16.79,163,16.79,0.115,0.8775,0.0075
601713,"Pivetta, Nick","Pit",111,976,976,685,16.799,291,16.799,0.11782786885245902,0.8668032786885246,0.015368852459016393
656578,"Jackson, Andre","Pit",134,421,421,293,16.814,128,16.814,0.12589073634204276,0.8669833729216152,0.007125890736342043
676760,"Marinaccio, Ron","Pit",147,371,371,175,16.82,196,16.82,0.03504043126684636,0.9595687331536388,0.005390835579514825
608638,"Chargois, JT","Pit",146,350,350,186,16.82,164,16.82,0.12571428571428572,0.8628571428571429,0.011428571428571429
671345,"Foley, Jason","Pit",116,455,455,258,16.832,197,16.832,0.05274725274725275,0.9428571428571428,0.004395604395604396
641941,"Pagán, Emilio","Pit",142,393,393,254,16.834,139,16.834,0.08396946564885496,0.8931297709923665,0.022900763358778626
607481,"Bummer, Aaron","Pit",145,533,533,252,16.839,281,16.839,0.10318949343339587,0.8874296435272045,0.009380863039399626
621381,"Strahm, Matt","Pit",143,577,577,343,16.915,234,16.915,0.0658578856152513,0.9185441941074524,0.01559792027729636
527054,"Teheran, Julio","Pit",158,481,481,334,16.934,147,16.934,0.0997920997920998,0.896049896049896,0.004158004158004158
665871,"Assad, Javier","Pit",112,792,792,507,16.96,285,16.96,0.15151515151515152,0.8421717171717171,0.006313131313131313
434378,"Verlander, Justin","Pit",117,1090,1090,699,16.978,391,16.978,0.11834862385321102,0.8798165137614679,0.001834862385321101
661309,"Martínez, Adrián","Pit",133,421,421,236,16.979,185,16.979,0.13539192399049882,0.8646080760095012,0
605182,"Clevinger, Mike","Pit",145,889,889,607,16.999,282,16.999,0.0843644544431946,0.9088863892013498,0.006749156355455568
625643,"López, Reynaldo","Pit",114,463,463,259,17.012,204,17.012,0.08855291576673865,0.9006479481641468,0.01079913606911447
543766,"Shaw, Bryan","Pit",145,349,349,194,17.029,155,17.029,0.07736389684813753,0.9169054441260746,0.0057306590257879654
605135,"Bassitt, Chris","Pit",141,1362,1362,956,17.035,406,17.035,0.18649045521292218,0.8032305433186491,0.010279001468428781
663558,"Moran, Jovani","Pit",142,337,337,189,17.044,148,17.044,0.13056379821958458,0.8664688427299704,0.002967359050445104
605540,"Woodruff, Brandon","Pit",158,455,455,348,17.061,107,17.061,0.06373626373626373,0.9296703296703297,0.006593406593406593
425844,"Greinke, Zack","Pit",118,984,984,679,17.068,305,17.068,0.11483739837398374,0.8821138211382114,0.003048780487804878
643410,"Leiter Jr., Mark","Pit",112,479,479,304,17.081,175,17.081,0.07515657620041753,0.9206680584551148,0.0041753653444676405
650893,"Cabrera, Génesis","Pit",141,391,391,215,17.082,176,17.082,0.058823529411764705,0.928388746803069,0.01278772378516624
592773,"Stanek, Ryne","Pit",117,345,345,229,17.084,116,17.084,0.04927536231884058,0.9478260869565217,0.002898550724637681
606149,"Gallegos, Giovanny","Pit",138,355,355,223,17.094,132,17.094,0.0676056338028169,0.9211267605633803,0.011267605633802818
543056,"Coulombe, Danny","Pit",110,349,349,193,17.194,156,17.194,0.054441260744985676,0.9398280802292264,0.0057306590257879654
663776,"Sandoval, Patrick","Pit",108,1131,1131,670,17.194,461,17.194,0.14146772767462423,0.847922192749779,0.010610079575596816
657756,"Seabold, Connor","Pit",115,584,584,310,17.202,274,17.202,0.0547945205479452,0.9366438356164384,0.008561643835616438
680694,"Bradish, Kyle","Pit",110,1214,1214,811,17.21,403,17.21,0.09555189456342669,0.8970345963756178,0.007413509060955519
656756,"Montgomery, Jordan","Pit",140,1281,1281,816,17.218,465,17.218,0.07884465261514442,0.9164715066354411,0.00468384074941452
674072,"Henry, Tommy","Pit",109,558,558,363,17.231,195,17.231,0.05017921146953405,0.9480286738351255,0.0017921146953405018
547973,"Chapman, Aroldis","Pit",140,421,421,262,17.249,159,17.249,0.035629453681710214,0.9453681710213777,0.019002375296912115
519151,"Pressly, Ryan","Pit",117,427,427,291,17.255,136,17.255,0.09836065573770492,0.8946135831381733,0.00702576112412178
518617,"Diekman, Jake","Pit",139,481,481,261,17.266,220,17.266,0.031185031185031187,0.9625779625779626,0.006237006237006237
663855,"Hicks, Jordan","Pit",141,524,524,292,17.32,232,17.32,0.08969465648854962,0.898854961832061,0.011450381679389313
621112,"Blackburn, Paul","Pit",133,832,832,477,17.323,355,17.323,0.042067307692307696,0.9423076923076923,0.015625
656731,"Megill, Tylor","Pit",121,1026,1026,568,17.326,458,17.326,0.08771929824561403,0.9083820662768031,0.003898635477582846
572955,"Johnson, Pierce","Pit",144,464,464,252,17.398,212,17.398,0.07758620689655173,0.915948275862069,0.00646551724137931
656546,"Hoffman, Jeff","Pit",143,326,326,180,17.415,146,17.415,0.027607361963190184,0.9631901840490797,0.009202453987730062
676664,"Sears, JP","Pit",133,1214,1214,763,17.433,451,17.433,0.06507413509060955,0.9258649093904449,0.009060955518945634
518585,"Cruz, Fernando","Pit",113,464,464,243,17.46,221,17.46,0.09913793103448276,0.8879310344827587,0.01293103448275862
594580,"Moll, Sam","Pit",113,463,463,225,17.492,238,17.492,0.05399568034557235,0.9265658747300216,0.019438444924406047
675540,"Curry, Xzavion","Pit",114,647,647,419,17.547,228,17.547,0.08191653786707882,0.9165378670788253,0.0015455950540958269
642207,"Williams, Devin","Pit",158,415,415,268,17.555,147,17.555,0.06265060240963856,0.9228915662650602,0.014457831325301205
506433,"Darvish, Yu","Pit",135,1003,1003,687,17.568,316,17.568,0.07876370887337986,0.9152542372881356,0.005982053838484547
621345,"Minter, A.J.","Pit",144,445,445,262,17.586,183,17.586,0.008988764044943821,0.9865168539325843,0.0044943820224719105
543272,"Hand, Brad","Pit",144,434,434,231,17.672,203,17.672,0.04838709677419355,0.9516129032258065,0
472610,"García, Luis","Pit",135,409,409,236,17.728,173,17.728,0.019559902200488997,0.9755501222493888,0.004889975550122249
592094,"Adam, Jason","Pit",139,390,390,238,17.73,152,17.73,0.010256410256410256,0.9794871794871794,0.010256410256410256
493603,"Ottavino, Adam","Pit",121,471,471,292,17.77,179,17.77,0.036093418259023353,0.9617834394904459,0.0021231422505307855
502043,"Gibson, Kyle","Pit",110,1397,1397,934,17.8,463,17.8,0.04581245526127416,0.9477451682176091,0.006442376521116679
640448,"Finnegan, Kyle","Pit",120,461,461,244,17.828,217,17.828,0.006507592190889371,0.9891540130151844,0.004338394793926247
666201,"Manoah, Alek","Pit",141,736,736,438,17.845,298,17.845,0.09375,0.8913043478260869,0.014945652173913044
657571,"Ferguson, Caleb","Pit",119,447,447,218,17.877,229,17.877,0.015659955257270694,0.9776286353467561,0.006711409395973154
669467,"Pallante, Andre","Pit",138,495,495,254,17.885,241,17.885,0.006060606060606061,0.9818181818181818,0.012121212121212121
660261,"Fujinami, Shintaro","Pit",110,624,624,356,17.923,268,17.923,0.05128205128205128,0.9423076923076923,0.00641025641025641
605400,"Nola, Aaron","Pit",143,1320,1320,915,18.115,405,18.115,0.035606060606060606,0.9462121212121212,0.01818181818181818
608678,"Leone, Dominic","Pit",136,349,349,199,18.223,150,18.223,0.0028653295128939827,0.9914040114613181,0.0057306590257879654
669947,"Scholtens, Jesse","Pit",145,637,637,386,18.298,251,18.298,0.026687598116169546,0.9701726844583988,0.0031397174254317113
621051,"Wilson, Steven","Pit",135,440,440,257,18.323,183,18.323,0.015909090909090907,0.9704545454545455,0.013636363636363636
518886,"Kimbrel, Craig","Pit",143,463,463,279,18.548,184,18.548,0.0021598272138228943,0.9892008639308856,0.008639308855291577
681911,"Vesia, Alex","Pit",119,350,350,215,18.74,135,18.74,0.002857142857142857,0.9942857142857143,0.002857142857142857
693433,"Woo, Bryan","Pit",136,561,561,341,18.742,220,18.742,0.016042780748663103,0.966131907308378,0.017825311942959002
642585,"Bautista, Félix","Pit",110,394,394,230,18.881,164,18.881,0.005076142131979695,0.9771573604060914,0.017766497461928935
